id_tinggal;id_lahir;prov_tinggal;prov_lahir;Jumlah Migrasi
ACEH;ACEH;Aceh;Aceh;2396530
ACEH;SUMUT;Aceh;SumateraUtara;63087
ACEH;SUMBAR;Aceh;SumateraBarat;4990
ACEH;RIAU;Aceh;Riau;2265
ACEH;JAMBI;Aceh;Jambi;886
ACEH;SUMSEL;Aceh;SumateraSelatan;1363
ACEH;BENGKULU;Aceh;Bengkulu;407
ACEH;LAMPUNG;Aceh;Lampung;905
ACEH;BABEL;Aceh;Kep.BangkaBelitung;76
ACEH;KEPRI;Aceh;KepulauanRiau;292
ACEH;JAKARTA;Aceh;DKIJakarta;3202
ACEH;JABAR;Aceh;JawaBarat;5120
ACEH;JATENG;Aceh;JawaTengah;13862
ACEH;YOGYA;Aceh;DIYogyakarta;616
ACEH;JATIM;Aceh;JawaTimur;4787
ACEH;BANTEN;Aceh;Banten;1219
ACEH;BALI;Aceh;Bali;215
ACEH;NTB;Aceh;NusaTenggaraBarat;163
ACEH;NTT;Aceh;NusaTenggaraTimur;7
ACEH;KALBAR;Aceh;KalimantanBarat;187
ACEH;KALTENG;Aceh;KalimantanTengah;9
ACEH;KALSEL;Aceh;KalimantanSelatan;294
ACEH;KALTIM;Aceh;KalimantanTimur;3
ACEH;KALUT;Aceh;KalimantanUtara; NA
ACEH;SULUT;Aceh;SulawesiUtara;23
ACEH;SULTENG;Aceh;SulawesiTengah;11
ACEH;SULSEL;Aceh;SulawesiSelatan;102
ACEH;SULTENGG;Aceh;SulawesiTenggara; NA
ACEH;GORONTALO;Aceh;Gorontalo; NA
ACEH;SULBARAT;Aceh;SulawesiBarat; NA
ACEH;MALUKU;Aceh;Maluku;41
ACEH;MALUT;Aceh;MalukuUtara; NA
ACEH;PAPBAR;Aceh;PapuaBarat;52
ACEH;PAPUA;Aceh;Papua; NA
SUMUT;ACEH;Bali;Aceh;163
SUMUT;SUMUT;Bali;SumateraUtara;3783
SUMUT;SUMBAR;Bali;SumateraBarat;802
SUMUT;RIAU;Bali;Riau;294
SUMUT;JAMBI;Bali;Jambi;455
SUMUT;SUMSEL;Bali;SumateraSelatan;840
SUMUT;BENGKULU;Bali;Bengkulu;260
SUMUT;LAMPUNG;Bali;Lampung;3150
SUMUT;BABEL;Bali;Kep.BangkaBelitung; NA
SUMUT;KEPRI;Bali;KepulauanRiau;688
SUMUT;JAKARTA;Bali;DKIJakarta;5173
SUMUT;JABAR;Bali;JawaBarat;15330
SUMUT;JATENG;Bali;JawaTengah;16065
SUMUT;YOGYA;Bali;DIYogyakarta;1719
SUMUT;JATIM;Bali;JawaTimur;117479
SUMUT;BANTEN;Bali;Banten;957
SUMUT;BALI;Bali;Bali;1851764
SUMUT;NTB;Bali;NusaTenggaraBarat;13780
SUMUT;NTT;Bali;NusaTenggaraTimur;12139
SUMUT;KALBAR;Bali;KalimantanBarat;882
SUMUT;KALTENG;Bali;KalimantanTengah;380
SUMUT;KALSEL;Bali;KalimantanSelatan;1439
SUMUT;KALTIM;Bali;KalimantanTimur;872
SUMUT;KALUT;Bali;KalimantanUtara; NA
SUMUT;SULUT;Bali;SulawesiUtara;1871
SUMUT;SULTENG;Bali;SulawesiTengah;876
SUMUT;SULSEL;Bali;SulawesiSelatan;2350
SUMUT;SULTENGG;Bali;SulawesiTenggara;1726
SUMUT;GORONTALO;Bali;Gorontalo;239
SUMUT;SULBARAT;Bali;SulawesiBarat;40
SUMUT;MALUKU;Bali;Maluku;1445
SUMUT;MALUT;Bali;MalukuUtara;117
SUMUT;PAPBAR;Bali;PapuaBarat; NA
SUMUT;PAPUA;Bali;Papua;312
SUMBAR;ACEH;Banten;Aceh;4512
SUMBAR;SUMUT;Banten;SumateraUtara;46261
SUMBAR;SUMBAR;Banten;SumateraBarat;24330
SUMBAR;RIAU;Banten;Riau;3146
SUMBAR;JAMBI;Banten;Jambi;1646
SUMBAR;SUMSEL;Banten;SumateraSelatan;29781
SUMBAR;BENGKULU;Banten;Bengkulu;5045
SUMBAR;LAMPUNG;Banten;Lampung;74161
SUMBAR;BABEL;Banten;Kep.BangkaBelitung;6974
SUMBAR;KEPRI;Banten;KepulauanRiau;2284
SUMBAR;JAKARTA;Banten;DKIJakarta;310280
SUMBAR;JABAR;Banten;JawaBarat;216565
SUMBAR;JATENG;Banten;JawaTengah;313937
SUMBAR;YOGYA;Banten;DIYogyakarta;40382
SUMBAR;JATIM;Banten;JawaTimur;89014
SUMBAR;BANTEN;Banten;Banten;4644439
SUMBAR;BALI;Banten;Bali;2882
SUMBAR;NTB;Banten;NusaTenggaraBarat;4173
SUMBAR;NTT;Banten;NusaTenggaraTimur;1629
SUMBAR;KALBAR;Banten;KalimantanBarat;9181
SUMBAR;KALTENG;Banten;KalimantanTengah;224
SUMBAR;KALSEL;Banten;KalimantanSelatan;2293
SUMBAR;KALTIM;Banten;KalimantanTimur;1217
SUMBAR;KALUT;Banten;KalimantanUtara; NA
SUMBAR;SULUT;Banten;SulawesiUtara;1260
SUMBAR;SULTENG;Banten;SulawesiTengah;561
SUMBAR;SULSEL;Banten;SulawesiSelatan;4516
SUMBAR;SULTENGG;Banten;SulawesiTenggara;30
SUMBAR;GORONTALO;Banten;Gorontalo;674
SUMBAR;SULBARAT;Banten;SulawesiBarat;259
SUMBAR;MALUKU;Banten;Maluku;1344
SUMBAR;MALUT;Banten;MalukuUtara;544
SUMBAR;PAPBAR;Banten;PapuaBarat; NA
SUMBAR;PAPUA;Banten;Papua;595
RIAU;ACEH;Bengkulu;Aceh;927
RIAU;SUMUT;Bengkulu;SumateraUtara;11758
RIAU;SUMBAR;Bengkulu;SumateraBarat;14022
RIAU;RIAU;Bengkulu;Riau;1022
RIAU;JAMBI;Bengkulu;Jambi;2927
RIAU;SUMSEL;Bengkulu;SumateraSelatan;37942
RIAU;BENGKULU;Bengkulu;Bengkulu;756774
RIAU;LAMPUNG;Bengkulu;Lampung;18228
RIAU;BABEL;Bengkulu;Kep.BangkaBelitung;496
RIAU;KEPRI;Bengkulu;KepulauanRiau;566
RIAU;JAKARTA;Bengkulu;DKIJakarta;3547
RIAU;JABAR;Bengkulu;JawaBarat;9530
RIAU;JATENG;Bengkulu;JawaTengah;33664
RIAU;YOGYA;Bengkulu;DIYogyakarta;5725
RIAU;JATIM;Bengkulu;JawaTimur;15693
RIAU;BANTEN;Bengkulu;Banten;1433
RIAU;BALI;Bengkulu;Bali;605
RIAU;NTB;Bengkulu;NusaTenggaraBarat; NA
RIAU;NTT;Bengkulu;NusaTenggaraTimur; NA
RIAU;KALBAR;Bengkulu;KalimantanBarat;305
RIAU;KALTENG;Bengkulu;KalimantanTengah;351
RIAU;KALSEL;Bengkulu;KalimantanSelatan; NA
RIAU;KALTIM;Bengkulu;KalimantanTimur;63
RIAU;KALUT;Bengkulu;KalimantanUtara;250
RIAU;SULUT;Bengkulu;SulawesiUtara;161
RIAU;SULTENG;Bengkulu;SulawesiTengah;54
RIAU;SULSEL;Bengkulu;SulawesiSelatan;396
RIAU;SULTENGG;Bengkulu;SulawesiTenggara; NA
RIAU;GORONTALO;Bengkulu;Gorontalo; NA
RIAU;SULBARAT;Bengkulu;SulawesiBarat; NA
RIAU;MALUKU;Bengkulu;Maluku;103
RIAU;MALUT;Bengkulu;MalukuUtara; NA
RIAU;PAPBAR;Bengkulu;PapuaBarat;119
RIAU;PAPUA;Bengkulu;Papua; NA
JAMBI;ACEH;DIYogyakarta;Aceh;2533
JAMBI;SUMUT;DIYogyakarta;SumateraUtara;4169
JAMBI;SUMBAR;DIYogyakarta;SumateraBarat;1688
JAMBI;RIAU;DIYogyakarta;Riau;3042
JAMBI;JAMBI;DIYogyakarta;Jambi;1895
JAMBI;SUMSEL;DIYogyakarta;SumateraSelatan;8579
JAMBI;BENGKULU;DIYogyakarta;Bengkulu;1288
JAMBI;LAMPUNG;DIYogyakarta;Lampung;6893
JAMBI;BABEL;DIYogyakarta;Kep.BangkaBelitung;1545
JAMBI;KEPRI;DIYogyakarta;KepulauanRiau;1748
JAMBI;JAKARTA;DIYogyakarta;DKIJakarta;20023
JAMBI;JABAR;DIYogyakarta;JawaBarat;24549
JAMBI;JATENG;DIYogyakarta;JawaTengah;149678
JAMBI;YOGYA;DIYogyakarta;DIYogyakarta;1557774
JAMBI;JATIM;DIYogyakarta;JawaTimur;36444
JAMBI;BANTEN;DIYogyakarta;Banten;4987
JAMBI;BALI;DIYogyakarta;Bali;1890
JAMBI;NTB;DIYogyakarta;NusaTenggaraBarat;1406
JAMBI;NTT;DIYogyakarta;NusaTenggaraTimur;2961
JAMBI;KALBAR;DIYogyakarta;KalimantanBarat;4392
JAMBI;KALTENG;DIYogyakarta;KalimantanTengah;837
JAMBI;KALSEL;DIYogyakarta;KalimantanSelatan;3785
JAMBI;KALTIM;DIYogyakarta;KalimantanTimur;3364
JAMBI;KALUT;DIYogyakarta;KalimantanUtara;584
JAMBI;SULUT;DIYogyakarta;SulawesiUtara;919
JAMBI;SULTENG;DIYogyakarta;SulawesiTengah;539
JAMBI;SULSEL;DIYogyakarta;SulawesiSelatan;2848
JAMBI;SULTENGG;DIYogyakarta;SulawesiTenggara;133
JAMBI;GORONTALO;DIYogyakarta;Gorontalo; NA
JAMBI;SULBARAT;DIYogyakarta;SulawesiBarat;426
JAMBI;MALUKU;DIYogyakarta;Maluku;673
JAMBI;MALUT;DIYogyakarta;MalukuUtara;987
JAMBI;PAPBAR;DIYogyakarta;PapuaBarat;1569
JAMBI;PAPUA;DIYogyakarta;Papua;1866
SUMSEL;ACEH;DKIJakarta;Aceh;9057
SUMSEL;SUMUT;DKIJakarta;SumateraUtara;110113
SUMSEL;SUMBAR;DKIJakarta;SumateraBarat;65877
SUMSEL;RIAU;DKIJakarta;Riau;8510
SUMSEL;JAMBI;DKIJakarta;Jambi;8622
SUMSEL;SUMSEL;DKIJakarta;SumateraSelatan;37253
SUMSEL;BENGKULU;DKIJakarta;Bengkulu;2185
SUMSEL;LAMPUNG;DKIJakarta;Lampung;44493
SUMSEL;BABEL;DKIJakarta;Kep.BangkaBelitung;19054
SUMSEL;KEPRI;DKIJakarta;KepulauanRiau;33133
SUMSEL;JAKARTA;DKIJakarta;DKIJakarta;185641
SUMSEL;JABAR;DKIJakarta;JawaBarat;408836
SUMSEL;JATENG;DKIJakarta;JawaTengah;695545
SUMSEL;YOGYA;DKIJakarta;DIYogyakarta;60800
SUMSEL;JATIM;DKIJakarta;JawaTimur;182428
SUMSEL;BANTEN;DKIJakarta;Banten;103922
SUMSEL;BALI;DKIJakarta;Bali;4794
SUMSEL;NTB;DKIJakarta;NusaTenggaraBarat;7070
SUMSEL;NTT;DKIJakarta;NusaTenggaraTimur;5353
SUMSEL;KALBAR;DKIJakarta;KalimantanBarat;29797
SUMSEL;KALTENG;DKIJakarta;KalimantanTengah;1658
SUMSEL;KALSEL;DKIJakarta;KalimantanSelatan;2926
SUMSEL;KALTIM;DKIJakarta;KalimantanTimur;2498
SUMSEL;KALUT;DKIJakarta;KalimantanUtara; NA
SUMSEL;SULUT;DKIJakarta;SulawesiUtara;6614
SUMSEL;SULTENG;DKIJakarta;SulawesiTengah;649
SUMSEL;SULSEL;DKIJakarta;SulawesiSelatan;25782
SUMSEL;SULTENGG;DKIJakarta;SulawesiTenggara;1943
SUMSEL;GORONTALO;DKIJakarta;Gorontalo;904
SUMSEL;SULBARAT;DKIJakarta;SulawesiBarat;161
SUMSEL;MALUKU;DKIJakarta;Maluku;6406
SUMSEL;MALUT;DKIJakarta;MalukuUtara;2689
SUMSEL;PAPBAR;DKIJakarta;PapuaBarat;1047
SUMSEL;PAPUA;DKIJakarta;Papua;473
BENGKULU;ACEH;Gorontalo;Aceh; NA
BENGKULU;SUMUT;Gorontalo;SumateraUtara;130
BENGKULU;SUMBAR;Gorontalo;SumateraBarat;255
BENGKULU;RIAU;Gorontalo;Riau; NA
BENGKULU;JAMBI;Gorontalo;Jambi; NA
BENGKULU;SUMSEL;Gorontalo;SumateraSelatan;204
BENGKULU;BENGKULU;Gorontalo;Bengkulu; NA
BENGKULU;LAMPUNG;Gorontalo;Lampung; NA
BENGKULU;BABEL;Gorontalo;Kep.BangkaBelitung; NA
BENGKULU;KEPRI;Gorontalo;KepulauanRiau; NA
BENGKULU;JAKARTA;Gorontalo;DKIJakarta;566
BENGKULU;JABAR;Gorontalo;JawaBarat;811
BENGKULU;JATENG;Gorontalo;JawaTengah;1845
BENGKULU;YOGYA;Gorontalo;DIYogyakarta; NA
BENGKULU;JATIM;Gorontalo;JawaTimur;5053
BENGKULU;BANTEN;Gorontalo;Banten;8
BENGKULU;BALI;Gorontalo;Bali;246
BENGKULU;NTB;Gorontalo;NusaTenggaraBarat;17
BENGKULU;NTT;Gorontalo;NusaTenggaraTimur;146
BENGKULU;KALBAR;Gorontalo;KalimantanBarat;121
BENGKULU;KALTENG;Gorontalo;KalimantanTengah; NA
BENGKULU;KALSEL;Gorontalo;KalimantanSelatan; NA
BENGKULU;KALTIM;Gorontalo;KalimantanTimur;12
BENGKULU;KALUT;Gorontalo;KalimantanUtara;14
BENGKULU;SULUT;Gorontalo;SulawesiUtara;12570
BENGKULU;SULTENG;Gorontalo;SulawesiTengah;5891
BENGKULU;SULSEL;Gorontalo;SulawesiSelatan;2681
BENGKULU;SULTENGG;Gorontalo;SulawesiTenggara;353
BENGKULU;GORONTALO;Gorontalo;Gorontalo;532747
BENGKULU;SULBARAT;Gorontalo;SulawesiBarat;91
BENGKULU;MALUKU;Gorontalo;Maluku;152
BENGKULU;MALUT;Gorontalo;MalukuUtara;633
BENGKULU;PAPBAR;Gorontalo;PapuaBarat;70
BENGKULU;PAPUA;Gorontalo;Papua;79
LAMPUNG;ACEH;Jambi;Aceh;3211
LAMPUNG;SUMUT;Jambi;SumateraUtara;37660
LAMPUNG;SUMBAR;Jambi;SumateraBarat;43746
LAMPUNG;RIAU;Jambi;Riau;13451
LAMPUNG;JAMBI;Jambi;Jambi;1328478
LAMPUNG;SUMSEL;Jambi;SumateraSelatan;27783
LAMPUNG;BENGKULU;Jambi;Bengkulu;3816
LAMPUNG;LAMPUNG;Jambi;Lampung;16191
LAMPUNG;BABEL;Jambi;Kep.BangkaBelitung;1137
LAMPUNG;KEPRI;Jambi;KepulauanRiau;1199
LAMPUNG;JAKARTA;Jambi;DKIJakarta;3071
LAMPUNG;JABAR;Jambi;JawaBarat;23411
LAMPUNG;JATENG;Jambi;JawaTengah;103049
LAMPUNG;YOGYA;Jambi;DIYogyakarta;10820
LAMPUNG;JATIM;Jambi;JawaTimur;33860
LAMPUNG;BANTEN;Jambi;Banten;1085
LAMPUNG;BALI;Jambi;Bali;15
LAMPUNG;NTB;Jambi;NusaTenggaraBarat;9
LAMPUNG;NTT;Jambi;NusaTenggaraTimur; NA
LAMPUNG;KALBAR;Jambi;KalimantanBarat;99
LAMPUNG;KALTENG;Jambi;KalimantanTengah;708
LAMPUNG;KALSEL;Jambi;KalimantanSelatan;405
LAMPUNG;KALTIM;Jambi;KalimantanTimur;249
LAMPUNG;KALUT;Jambi;KalimantanUtara; NA
LAMPUNG;SULUT;Jambi;SulawesiUtara;191
LAMPUNG;SULTENG;Jambi;SulawesiTengah;94
LAMPUNG;SULSEL;Jambi;SulawesiSelatan;9799
LAMPUNG;SULTENGG;Jambi;SulawesiTenggara; NA
LAMPUNG;GORONTALO;Jambi;Gorontalo; NA
LAMPUNG;SULBARAT;Jambi;SulawesiBarat;82
LAMPUNG;MALUKU;Jambi;Maluku;159
LAMPUNG;MALUT;Jambi;MalukuUtara; NA
LAMPUNG;PAPBAR;Jambi;PapuaBarat; NA
LAMPUNG;PAPUA;Jambi;Papua; NA
BABEL;ACEH;JawaBarat;Aceh;8861
BABEL;SUMUT;JawaBarat;SumateraUtara;134325
BABEL;SUMBAR;JawaBarat;SumateraBarat;88149
BABEL;RIAU;JawaBarat;Riau;8533
BABEL;JAMBI;JawaBarat;Jambi;6575
BABEL;SUMSEL;JawaBarat;SumateraSelatan;56486
BABEL;BENGKULU;JawaBarat;Bengkulu;7502
BABEL;LAMPUNG;JawaBarat;Lampung;57064
BABEL;BABEL;JawaBarat;Kep.BangkaBelitung;12442
BABEL;KEPRI;JawaBarat;KepulauanRiau;2884
BABEL;JAKARTA;JawaBarat;DKIJakarta;761379
BABEL;JABAR;JawaBarat;JawaBarat;20625136
BABEL;JATENG;JawaBarat;JawaTengah;755261
BABEL;YOGYA;JawaBarat;DIYogyakarta;88516
BABEL;JATIM;JawaBarat;JawaTimur;198037
BABEL;BANTEN;JawaBarat;Banten;84922
BABEL;BALI;JawaBarat;Bali;4794
BABEL;NTB;JawaBarat;NusaTenggaraBarat;8362
BABEL;NTT;JawaBarat;NusaTenggaraTimur;8447
BABEL;KALBAR;JawaBarat;KalimantanBarat;16514
BABEL;KALTENG;JawaBarat;KalimantanTengah;1559
BABEL;KALSEL;JawaBarat;KalimantanSelatan;4911
BABEL;KALTIM;JawaBarat;KalimantanTimur;5746
BABEL;KALUT;JawaBarat;KalimantanUtara;2994
BABEL;SULUT;JawaBarat;SulawesiUtara;10001
BABEL;SULTENG;JawaBarat;SulawesiTengah;2044
BABEL;SULSEL;JawaBarat;SulawesiSelatan;16934
BABEL;SULTENGG;JawaBarat;SulawesiTenggara;1227
BABEL;GORONTALO;JawaBarat;Gorontalo;2339
BABEL;SULBARAT;JawaBarat;SulawesiBarat; NA
BABEL;MALUKU;JawaBarat;Maluku;4947
BABEL;MALUT;JawaBarat;MalukuUtara;1232
BABEL;PAPBAR;JawaBarat;PapuaBarat;143
BABEL;PAPUA;JawaBarat;Papua;973
KEPRI;ACEH;JawaTengah;Aceh;3780
KEPRI;SUMUT;JawaTengah;SumateraUtara;13272
KEPRI;SUMBAR;JawaTengah;SumateraBarat;6808
KEPRI;RIAU;JawaTengah;Riau;5221
KEPRI;JAMBI;JawaTengah;Jambi;3093
KEPRI;SUMSEL;JawaTengah;SumateraSelatan;9343
KEPRI;BENGKULU;JawaTengah;Bengkulu;3038
KEPRI;LAMPUNG;JawaTengah;Lampung;20963
KEPRI;BABEL;JawaTengah;Kep.BangkaBelitung;2144
KEPRI;KEPRI;JawaTengah;KepulauanRiau;3940
KEPRI;JAKARTA;JawaTengah;DKIJakarta;62340
KEPRI;JABAR;JawaTengah;JawaBarat;103222
KEPRI;JATENG;JawaTengah;JawaTengah;16503970
KEPRI;YOGYA;JawaTengah;DIYogyakarta;82761
KEPRI;JATIM;JawaTengah;JawaTimur;124851
KEPRI;BANTEN;JawaTengah;Banten;19628
KEPRI;BALI;JawaTengah;Bali;2455
KEPRI;NTB;JawaTengah;NusaTenggaraBarat;1657
KEPRI;NTT;JawaTengah;NusaTenggaraTimur;1257
KEPRI;KALBAR;JawaTengah;KalimantanBarat;6031
KEPRI;KALTENG;JawaTengah;KalimantanTengah;4372
KEPRI;KALSEL;JawaTengah;KalimantanSelatan;5878
KEPRI;KALTIM;JawaTengah;KalimantanTimur;4185
KEPRI;KALUT;JawaTengah;KalimantanUtara;268
KEPRI;SULUT;JawaTengah;SulawesiUtara;2118
KEPRI;SULTENG;JawaTengah;SulawesiTengah;723
KEPRI;SULSEL;JawaTengah;SulawesiSelatan;3576
KEPRI;SULTENGG;JawaTengah;SulawesiTenggara;1978
KEPRI;GORONTALO;JawaTengah;Gorontalo;896
KEPRI;SULBARAT;JawaTengah;SulawesiBarat;483
KEPRI;MALUKU;JawaTengah;Maluku;2428
KEPRI;MALUT;JawaTengah;MalukuUtara;292
KEPRI;PAPBAR;JawaTengah;PapuaBarat;1118
KEPRI;PAPUA;JawaTengah;Papua;2255
JAKARTA;ACEH;JawaTimur;Aceh;2215
JAKARTA;SUMUT;JawaTimur;SumateraUtara;19112
JAKARTA;SUMBAR;JawaTimur;SumateraBarat;4215
JAKARTA;RIAU;JawaTimur;Riau;6769
JAKARTA;JAMBI;JawaTimur;Jambi;2523
JAKARTA;SUMSEL;JawaTimur;SumateraSelatan;7915
JAKARTA;BENGKULU;JawaTimur;Bengkulu;1276
JAKARTA;LAMPUNG;JawaTimur;Lampung;15192
JAKARTA;BABEL;JawaTimur;Kep.BangkaBelitung;590
JAKARTA;KEPRI;JawaTimur;KepulauanRiau;3684
JAKARTA;JAKARTA;JawaTimur;DKIJakarta;30925
JAKARTA;JABAR;JawaTimur;JawaBarat;47644
JAKARTA;JATENG;JawaTimur;JawaTengah;177095
JAKARTA;YOGYA;JawaTimur;DIYogyakarta;24003
JAKARTA;JATIM;JawaTimur;JawaTimur;19197386
JAKARTA;BANTEN;JawaTimur;Banten;6515
JAKARTA;BALI;JawaTimur;Bali;13875
JAKARTA;NTB;JawaTimur;NusaTenggaraBarat;11474
JAKARTA;NTT;JawaTimur;NusaTenggaraTimur;9355
JAKARTA;KALBAR;JawaTimur;KalimantanBarat;8223
JAKARTA;KALTENG;JawaTimur;KalimantanTengah;6238
JAKARTA;KALSEL;JawaTimur;KalimantanSelatan;10041
JAKARTA;KALTIM;JawaTimur;KalimantanTimur;16217
JAKARTA;KALUT;JawaTimur;KalimantanUtara;1619
JAKARTA;SULUT;JawaTimur;SulawesiUtara;7053
JAKARTA;SULTENG;JawaTimur;SulawesiTengah;4436
JAKARTA;SULSEL;JawaTimur;SulawesiSelatan;13231
JAKARTA;SULTENGG;JawaTimur;SulawesiTenggara;2390
JAKARTA;GORONTALO;JawaTimur;Gorontalo;1705
JAKARTA;SULBARAT;JawaTimur;SulawesiBarat;270
JAKARTA;MALUKU;JawaTimur;Maluku;3168
JAKARTA;MALUT;JawaTimur;MalukuUtara;649
JAKARTA;PAPBAR;JawaTimur;PapuaBarat;1750
JAKARTA;PAPUA;JawaTimur;Papua;4730
JABAR;ACEH;KalimantanBarat;Aceh;438
JABAR;SUMUT;KalimantanBarat;SumateraUtara;4802
JABAR;SUMBAR;KalimantanBarat;SumateraBarat;1258
JABAR;RIAU;KalimantanBarat;Riau;1213
JABAR;JAMBI;KalimantanBarat;Jambi;195
JABAR;SUMSEL;KalimantanBarat;SumateraSelatan;605
JABAR;BENGKULU;KalimantanBarat;Bengkulu;246
JABAR;LAMPUNG;KalimantanBarat;Lampung;1342
JABAR;BABEL;KalimantanBarat;Kep.BangkaBelitung;339
JABAR;KEPRI;KalimantanBarat;KepulauanRiau;848
JABAR;JAKARTA;KalimantanBarat;DKIJakarta;5922
JABAR;JABAR;KalimantanBarat;JawaBarat;12596
JABAR;JATENG;KalimantanBarat;JawaTengah;40913
JABAR;YOGYA;KalimantanBarat;DIYogyakarta;4969
JABAR;JATIM;KalimantanBarat;JawaTimur;41332
JABAR;BANTEN;KalimantanBarat;Banten;1675
JABAR;BALI;KalimantanBarat;Bali;268
JABAR;NTB;KalimantanBarat;NusaTenggaraBarat;1314
JABAR;NTT;KalimantanBarat;NusaTenggaraTimur;1254
JABAR;KALBAR;KalimantanBarat;KalimantanBarat;2218521
JABAR;KALTENG;KalimantanBarat;KalimantanTengah;1571
JABAR;KALSEL;KalimantanBarat;KalimantanSelatan;766
JABAR;KALTIM;KalimantanBarat;KalimantanTimur;204
JABAR;KALUT;KalimantanBarat;KalimantanUtara;174
JABAR;SULUT;KalimantanBarat;SulawesiUtara;403
JABAR;SULTENG;KalimantanBarat;SulawesiTengah;21
JABAR;SULSEL;KalimantanBarat;SulawesiSelatan;656
JABAR;SULTENGG;KalimantanBarat;SulawesiTenggara; NA
JABAR;GORONTALO;KalimantanBarat;Gorontalo; NA
JABAR;SULBARAT;KalimantanBarat;SulawesiBarat; NA
JABAR;MALUKU;KalimantanBarat;Maluku;327
JABAR;MALUT;KalimantanBarat;MalukuUtara; NA
JABAR;PAPBAR;KalimantanBarat;PapuaBarat; NA
JABAR;PAPUA;KalimantanBarat;Papua;258
JATENG;ACEH;KalimantanSelatan;Aceh;698
JATENG;SUMUT;KalimantanSelatan;SumateraUtara;2624
JATENG;SUMBAR;KalimantanSelatan;SumateraBarat;1342
JATENG;RIAU;KalimantanSelatan;Riau;335
JATENG;JAMBI;KalimantanSelatan;Jambi;1024
JATENG;SUMSEL;KalimantanSelatan;SumateraSelatan;682
JATENG;BENGKULU;KalimantanSelatan;Bengkulu;326
JATENG;LAMPUNG;KalimantanSelatan;Lampung;1588
JATENG;BABEL;KalimantanSelatan;Kep.BangkaBelitung;134
JATENG;KEPRI;KalimantanSelatan;KepulauanRiau;169
JATENG;JAKARTA;KalimantanSelatan;DKIJakarta;2445
JATENG;JABAR;KalimantanSelatan;JawaBarat;12788
JATENG;JATENG;KalimantanSelatan;JawaTengah;43251
JATENG;YOGYA;KalimantanSelatan;DIYogyakarta;6320
JATENG;JATIM;KalimantanSelatan;JawaTimur;86809
JATENG;BANTEN;KalimantanSelatan;Banten;993
JATENG;BALI;KalimantanSelatan;Bali;2454
JATENG;NTB;KalimantanSelatan;NusaTenggaraBarat;3816
JATENG;NTT;KalimantanSelatan;NusaTenggaraTimur;2815
JATENG;KALBAR;KalimantanSelatan;KalimantanBarat;1515
JATENG;KALTENG;KalimantanSelatan;KalimantanTengah;33364
JATENG;KALSEL;KalimantanSelatan;KalimantanSelatan;1728904
JATENG;KALTIM;KalimantanSelatan;KalimantanTimur;9572
JATENG;KALUT;KalimantanSelatan;KalimantanUtara;591
JATENG;SULUT;KalimantanSelatan;SulawesiUtara;721
JATENG;SULTENG;KalimantanSelatan;SulawesiTengah;816
JATENG;SULSEL;KalimantanSelatan;SulawesiSelatan;15372
JATENG;SULTENGG;KalimantanSelatan;SulawesiTenggara;222
JATENG;GORONTALO;KalimantanSelatan;Gorontalo;328
JATENG;SULBARAT;KalimantanSelatan;SulawesiBarat;2518
JATENG;MALUKU;KalimantanSelatan;Maluku;458
JATENG;MALUT;KalimantanSelatan;MalukuUtara;43
JATENG;PAPBAR;KalimantanSelatan;PapuaBarat;33
JATENG;PAPUA;KalimantanSelatan;Papua;340
YOGYA;ACEH;KalimantanTengah;Aceh;551
YOGYA;SUMUT;KalimantanTengah;SumateraUtara;3751
YOGYA;SUMBAR;KalimantanTengah;SumateraBarat;622
YOGYA;RIAU;KalimantanTengah;Riau;700
YOGYA;JAMBI;KalimantanTengah;Jambi;467
YOGYA;SUMSEL;KalimantanTengah;SumateraSelatan;636
YOGYA;BENGKULU;KalimantanTengah;Bengkulu;397
YOGYA;LAMPUNG;KalimantanTengah;Lampung;2497
YOGYA;BABEL;KalimantanTengah;Kep.BangkaBelitung; NA
YOGYA;KEPRI;KalimantanTengah;KepulauanRiau;139
YOGYA;JAKARTA;KalimantanTengah;DKIJakarta;1655
YOGYA;JABAR;KalimantanTengah;JawaBarat;12220
YOGYA;JATENG;KalimantanTengah;JawaTengah;66658
YOGYA;YOGYA;KalimantanTengah;DIYogyakarta;3935
YOGYA;JATIM;KalimantanTengah;JawaTimur;65864
YOGYA;BANTEN;KalimantanTengah;Banten;1476
YOGYA;BALI;KalimantanTengah;Bali;823
YOGYA;NTB;KalimantanTengah;NusaTenggaraBarat;2806
YOGYA;NTT;KalimantanTengah;NusaTenggaraTimur;3679
YOGYA;KALBAR;KalimantanTengah;KalimantanBarat;3330
YOGYA;KALTENG;KalimantanTengah;KalimantanTengah;952262
YOGYA;KALSEL;KalimantanTengah;KalimantanSelatan;62265
YOGYA;KALTIM;KalimantanTengah;KalimantanTimur;1280
YOGYA;KALUT;KalimantanTengah;KalimantanUtara;35
YOGYA;SULUT;KalimantanTengah;SulawesiUtara;316
YOGYA;SULTENG;KalimantanTengah;SulawesiTengah;328
YOGYA;SULSEL;KalimantanTengah;SulawesiSelatan;1379
YOGYA;SULTENGG;KalimantanTengah;SulawesiTenggara; NA
YOGYA;GORONTALO;KalimantanTengah;Gorontalo;63
YOGYA;SULBARAT;KalimantanTengah;SulawesiBarat;113
YOGYA;MALUKU;KalimantanTengah;Maluku;349
YOGYA;MALUT;KalimantanTengah;MalukuUtara; NA
YOGYA;PAPBAR;KalimantanTengah;PapuaBarat; NA
YOGYA;PAPUA;KalimantanTengah;Papua;402
JATIM;ACEH;KalimantanTimur;Aceh;606
JATIM;SUMUT;KalimantanTimur;SumateraUtara;7998
JATIM;SUMBAR;KalimantanTimur;SumateraBarat;946
JATIM;RIAU;KalimantanTimur;Riau;449
JATIM;JAMBI;KalimantanTimur;Jambi;667
JATIM;SUMSEL;KalimantanTimur;SumateraSelatan;1216
JATIM;BENGKULU;KalimantanTimur;Bengkulu; NA
JATIM;LAMPUNG;KalimantanTimur;Lampung;3931
JATIM;BABEL;KalimantanTimur;Kep.BangkaBelitung;175
JATIM;KEPRI;KalimantanTimur;KepulauanRiau;70
JATIM;JAKARTA;KalimantanTimur;DKIJakarta;5947
JATIM;JABAR;KalimantanTimur;JawaBarat;16633
JATIM;JATENG;KalimantanTimur;JawaTengah;55295
JATIM;YOGYA;KalimantanTimur;DIYogyakarta;7038
JATIM;JATIM;KalimantanTimur;JawaTimur;171759
JATIM;BANTEN;KalimantanTimur;Banten;841
JATIM;BALI;KalimantanTimur;Bali;3911
JATIM;NTB;KalimantanTimur;NusaTenggaraBarat;9641
JATIM;NTT;KalimantanTimur;NusaTenggaraTimur;7655
JATIM;KALBAR;KalimantanTimur;KalimantanBarat;1611
JATIM;KALTENG;KalimantanTimur;KalimantanTengah;4397
JATIM;KALSEL;KalimantanTimur;KalimantanSelatan;48283
JATIM;KALTIM;KalimantanTimur;KalimantanTimur;1113406
JATIM;KALUT;KalimantanTimur;KalimantanUtara;10860
JATIM;SULUT;KalimantanTimur;SulawesiUtara;6721
JATIM;SULTENG;KalimantanTimur;SulawesiTengah;5333
JATIM;SULSEL;KalimantanTimur;SulawesiSelatan;119523
JATIM;SULTENGG;KalimantanTimur;SulawesiTenggara;10476
JATIM;GORONTALO;KalimantanTimur;Gorontalo;1100
JATIM;SULBARAT;KalimantanTimur;SulawesiBarat;10267
JATIM;MALUKU;KalimantanTimur;Maluku;2042
JATIM;MALUT;KalimantanTimur;MalukuUtara;606
JATIM;PAPBAR;KalimantanTimur;PapuaBarat;194
JATIM;PAPUA;KalimantanTimur;Papua;336
BANTEN;ACEH;KalimantanUtara;Aceh; NA
BANTEN;SUMUT;KalimantanUtara;SumateraUtara;686
BANTEN;SUMBAR;KalimantanUtara;SumateraBarat;151
BANTEN;RIAU;KalimantanUtara;Riau;187
BANTEN;JAMBI;KalimantanUtara;Jambi; NA
BANTEN;SUMSEL;KalimantanUtara;SumateraSelatan;254
BANTEN;BENGKULU;KalimantanUtara;Bengkulu; NA
BANTEN;LAMPUNG;KalimantanUtara;Lampung;424
BANTEN;BABEL;KalimantanUtara;Kep.BangkaBelitung;172
BANTEN;KEPRI;KalimantanUtara;KepulauanRiau; NA
BANTEN;JAKARTA;KalimantanUtara;DKIJakarta;350
BANTEN;JABAR;KalimantanUtara;JawaBarat;1128
BANTEN;JATENG;KalimantanUtara;JawaTengah;4031
BANTEN;YOGYA;KalimantanUtara;DIYogyakarta;437
BANTEN;JATIM;KalimantanUtara;JawaTimur;14156
BANTEN;BANTEN;KalimantanUtara;Banten;294
BANTEN;BALI;KalimantanUtara;Bali;265
BANTEN;NTB;KalimantanUtara;NusaTenggaraBarat;498
BANTEN;NTT;KalimantanUtara;NusaTenggaraTimur;2549
BANTEN;KALBAR;KalimantanUtara;KalimantanBarat;258
BANTEN;KALTENG;KalimantanUtara;KalimantanTengah;48
BANTEN;KALSEL;KalimantanUtara;KalimantanSelatan;941
BANTEN;KALTIM;KalimantanUtara;KalimantanTimur;5553
BANTEN;KALUT;KalimantanUtara;KalimantanUtara;215766
BANTEN;SULUT;KalimantanUtara;SulawesiUtara;814
BANTEN;SULTENG;KalimantanUtara;SulawesiTengah;2758
BANTEN;SULSEL;KalimantanUtara;SulawesiSelatan;41042
BANTEN;SULTENGG;KalimantanUtara;SulawesiTenggara;1035
BANTEN;GORONTALO;KalimantanUtara;Gorontalo;101
BANTEN;SULBARAT;KalimantanUtara;SulawesiBarat;1213
BANTEN;MALUKU;KalimantanUtara;Maluku;68
BANTEN;MALUT;KalimantanUtara;MalukuUtara;142
BANTEN;PAPBAR;KalimantanUtara;PapuaBarat; NA
BANTEN;PAPUA;KalimantanUtara;Papua; NA
BALI;ACEH;Kep.BangkaBelitung;Aceh;181
BALI;SUMUT;Kep.BangkaBelitung;SumateraUtara;3049
BALI;SUMBAR;Kep.BangkaBelitung;SumateraBarat;1328
BALI;RIAU;Kep.BangkaBelitung;Riau;857
BALI;JAMBI;Kep.BangkaBelitung;Jambi;1868
BALI;SUMSEL;Kep.BangkaBelitung;SumateraSelatan;23685
BALI;BENGKULU;Kep.BangkaBelitung;Bengkulu;709
BALI;LAMPUNG;Kep.BangkaBelitung;Lampung;7511
BALI;BABEL;Kep.BangkaBelitung;Kep.BangkaBelitung;570291
BALI;KEPRI;Kep.BangkaBelitung;KepulauanRiau;1405
BALI;JAKARTA;Kep.BangkaBelitung;DKIJakarta;3346
BALI;JABAR;Kep.BangkaBelitung;JawaBarat;9710
BALI;JATENG;Kep.BangkaBelitung;JawaTengah;10789
BALI;YOGYA;Kep.BangkaBelitung;DIYogyakarta;2352
BALI;JATIM;Kep.BangkaBelitung;JawaTimur;10811
BALI;BANTEN;Kep.BangkaBelitung;Banten;3297
BALI;BALI;Kep.BangkaBelitung;Bali;1089
BALI;NTB;Kep.BangkaBelitung;NusaTenggaraBarat;158
BALI;NTT;Kep.BangkaBelitung;NusaTenggaraTimur;836
BALI;KALBAR;Kep.BangkaBelitung;KalimantanBarat;1615
BALI;KALTENG;Kep.BangkaBelitung;KalimantanTengah;116
BALI;KALSEL;Kep.BangkaBelitung;KalimantanSelatan;110
BALI;KALTIM;Kep.BangkaBelitung;KalimantanTimur;65
BALI;KALUT;Kep.BangkaBelitung;KalimantanUtara;54
BALI;SULUT;Kep.BangkaBelitung;SulawesiUtara;14
BALI;SULTENG;Kep.BangkaBelitung;SulawesiTengah;26
BALI;SULSEL;Kep.BangkaBelitung;SulawesiSelatan;2890
BALI;SULTENGG;Kep.BangkaBelitung;SulawesiTenggara;442
BALI;GORONTALO;Kep.BangkaBelitung;Gorontalo; NA
BALI;SULBARAT;Kep.BangkaBelitung;SulawesiBarat; NA
BALI;MALUKU;Kep.BangkaBelitung;Maluku;58
BALI;MALUT;Kep.BangkaBelitung;MalukuUtara; NA
BALI;PAPBAR;Kep.BangkaBelitung;PapuaBarat; NA
BALI;PAPUA;Kep.BangkaBelitung;Papua; NA
NTB;ACEH;KepulauanRiau;Aceh;6408
NTB;SUMUT;KepulauanRiau;SumateraUtara;114866
NTB;SUMBAR;KepulauanRiau;SumateraBarat;58023
NTB;RIAU;KepulauanRiau;Riau;41838
NTB;JAMBI;KepulauanRiau;Jambi;8254
NTB;SUMSEL;KepulauanRiau;SumateraSelatan;23995
NTB;BENGKULU;KepulauanRiau;Bengkulu;1723
NTB;LAMPUNG;KepulauanRiau;Lampung;9744
NTB;BABEL;KepulauanRiau;Kep.BangkaBelitung;3318
NTB;KEPRI;KepulauanRiau;KepulauanRiau;535547
NTB;JAKARTA;KepulauanRiau;DKIJakarta;6551
NTB;JABAR;KepulauanRiau;JawaBarat;21591
NTB;JATENG;KepulauanRiau;JawaTengah;55049
NTB;YOGYA;KepulauanRiau;DIYogyakarta;5338
NTB;JATIM;KepulauanRiau;JawaTimur;42298
NTB;BANTEN;KepulauanRiau;Banten;701
NTB;BALI;KepulauanRiau;Bali;210
NTB;NTB;KepulauanRiau;NusaTenggaraBarat;983
NTB;NTT;KepulauanRiau;NusaTenggaraTimur;7854
NTB;KALBAR;KepulauanRiau;KalimantanBarat;3704
NTB;KALTENG;KepulauanRiau;KalimantanTengah;124
NTB;KALSEL;KepulauanRiau;KalimantanSelatan;1312
NTB;KALTIM;KepulauanRiau;KalimantanTimur;862
NTB;KALUT;KepulauanRiau;KalimantanUtara; NA
NTB;SULUT;KepulauanRiau;SulawesiUtara;2229
NTB;SULTENG;KepulauanRiau;SulawesiTengah;733
NTB;SULSEL;KepulauanRiau;SulawesiSelatan;6272
NTB;SULTENGG;KepulauanRiau;SulawesiTenggara;1027
NTB;GORONTALO;KepulauanRiau;Gorontalo;7
NTB;SULBARAT;KepulauanRiau;SulawesiBarat; NA
NTB;MALUKU;KepulauanRiau;Maluku;258
NTB;MALUT;KepulauanRiau;MalukuUtara; NA
NTB;PAPBAR;KepulauanRiau;PapuaBarat; NA
NTB;PAPUA;KepulauanRiau;Papua; NA
NTT;ACEH;Lampung;Aceh;851
NTT;SUMUT;Lampung;SumateraUtara;12658
NTT;SUMBAR;Lampung;SumateraBarat;8840
NTT;RIAU;Lampung;Riau;2689
NTT;JAMBI;Lampung;Jambi;2197
NTT;SUMSEL;Lampung;SumateraSelatan;67392
NTT;BENGKULU;Lampung;Bengkulu;4717
NTT;LAMPUNG;Lampung;Lampung;3294832
NTT;BABEL;Lampung;Kep.BangkaBelitung;1137
NTT;KEPRI;Lampung;KepulauanRiau;225
NTT;JAKARTA;Lampung;DKIJakarta;13179
NTT;JABAR;Lampung;JawaBarat;76403
NTT;JATENG;Lampung;JawaTengah;216352
NTT;YOGYA;Lampung;DIYogyakarta;36676
NTT;JATIM;Lampung;JawaTimur;161064
NTT;BANTEN;Lampung;Banten;30996
NTT;BALI;Lampung;Bali;10844
NTT;NTB;Lampung;NusaTenggaraBarat;169
NTT;NTT;Lampung;NusaTenggaraTimur;368
NTT;KALBAR;Lampung;KalimantanBarat;706
NTT;KALTENG;Lampung;KalimantanTengah;261
NTT;KALSEL;Lampung;KalimantanSelatan;444
NTT;KALTIM;Lampung;KalimantanTimur;667
NTT;KALUT;Lampung;KalimantanUtara; NA
NTT;SULUT;Lampung;SulawesiUtara;216
NTT;SULTENG;Lampung;SulawesiTengah;178
NTT;SULSEL;Lampung;SulawesiSelatan;3073
NTT;SULTENGG;Lampung;SulawesiTenggara; NA
NTT;GORONTALO;Lampung;Gorontalo;51
NTT;SULBARAT;Lampung;SulawesiBarat;73
NTT;MALUKU;Lampung;Maluku;354
NTT;MALUT;Lampung;MalukuUtara; NA
NTT;PAPBAR;Lampung;PapuaBarat; NA
NTT;PAPUA;Lampung;Papua;276
KALBAR;ACEH;Maluku;Aceh;153
KALBAR;SUMUT;Maluku;SumateraUtara;576
KALBAR;SUMBAR;Maluku;SumateraBarat;570
KALBAR;RIAU;Maluku;Riau; NA
KALBAR;JAMBI;Maluku;Jambi;44
KALBAR;SUMSEL;Maluku;SumateraSelatan;162
KALBAR;BENGKULU;Maluku;Bengkulu;14
KALBAR;LAMPUNG;Maluku;Lampung;307
KALBAR;BABEL;Maluku;Kep.BangkaBelitung;19
KALBAR;KEPRI;Maluku;KepulauanRiau;13
KALBAR;JAKARTA;Maluku;DKIJakarta;2376
KALBAR;JABAR;Maluku;JawaBarat;4055
KALBAR;JATENG;Maluku;JawaTengah;7608
KALBAR;YOGYA;Maluku;DIYogyakarta;994
KALBAR;JATIM;Maluku;JawaTimur;11911
KALBAR;BANTEN;Maluku;Banten;302
KALBAR;BALI;Maluku;Bali;70
KALBAR;NTB;Maluku;NusaTenggaraBarat;402
KALBAR;NTT;Maluku;NusaTenggaraTimur;507
KALBAR;KALBAR;Maluku;KalimantanBarat;96
KALBAR;KALTENG;Maluku;KalimantanTengah; NA
KALBAR;KALSEL;Maluku;KalimantanSelatan;156
KALBAR;KALTIM;Maluku;KalimantanTimur;65
KALBAR;KALUT;Maluku;KalimantanUtara; NA
KALBAR;SULUT;Maluku;SulawesiUtara;1447
KALBAR;SULTENG;Maluku;SulawesiTengah;346
KALBAR;SULSEL;Maluku;SulawesiSelatan;9348
KALBAR;SULTENGG;Maluku;SulawesiTenggara;14183
KALBAR;GORONTALO;Maluku;Gorontalo;9
KALBAR;SULBARAT;Maluku;SulawesiBarat;260
KALBAR;MALUKU;Maluku;Maluku;770523
KALBAR;MALUT;Maluku;MalukuUtara;4910
KALBAR;PAPBAR;Maluku;PapuaBarat;1440
KALBAR;PAPUA;Maluku;Papua;1183
KALTENG;ACEH;MalukuUtara;Aceh;50
KALTENG;SUMUT;MalukuUtara;SumateraUtara;54
KALTENG;SUMBAR;MalukuUtara;SumateraBarat;272
KALTENG;RIAU;MalukuUtara;Riau;87
KALTENG;JAMBI;MalukuUtara;Jambi;194
KALTENG;SUMSEL;MalukuUtara;SumateraSelatan;154
KALTENG;BENGKULU;MalukuUtara;Bengkulu; NA
KALTENG;LAMPUNG;MalukuUtara;Lampung;189
KALTENG;BABEL;MalukuUtara;Kep.BangkaBelitung;21
KALTENG;KEPRI;MalukuUtara;KepulauanRiau;95
KALTENG;JAKARTA;MalukuUtara;DKIJakarta;779
KALTENG;JABAR;MalukuUtara;JawaBarat;1245
KALTENG;JATENG;MalukuUtara;JawaTengah;4304
KALTENG;YOGYA;MalukuUtara;DIYogyakarta;329
KALTENG;JATIM;MalukuUtara;JawaTimur;6857
KALTENG;BANTEN;MalukuUtara;Banten;182
KALTENG;BALI;MalukuUtara;Bali;159
KALTENG;NTB;MalukuUtara;NusaTenggaraBarat;9
KALTENG;NTT;MalukuUtara;NusaTenggaraTimur;357
KALTENG;KALBAR;MalukuUtara;KalimantanBarat; NA
KALTENG;KALTENG;MalukuUtara;KalimantanTengah; NA
KALTENG;KALSEL;MalukuUtara;KalimantanSelatan;87
KALTENG;KALTIM;MalukuUtara;KalimantanTimur;103
KALTENG;KALUT;MalukuUtara;KalimantanUtara; NA
KALTENG;SULUT;MalukuUtara;SulawesiUtara;8816
KALTENG;SULTENG;MalukuUtara;SulawesiTengah;1417
KALTENG;SULSEL;MalukuUtara;SulawesiSelatan;5393
KALTENG;SULTENGG;MalukuUtara;SulawesiTenggara;9629
KALTENG;GORONTALO;MalukuUtara;Gorontalo;1258
KALTENG;SULBARAT;MalukuUtara;SulawesiBarat;178
KALTENG;MALUKU;MalukuUtara;Maluku;6133
KALTENG;MALUT;MalukuUtara;MalukuUtara;518017
KALTENG;PAPBAR;MalukuUtara;PapuaBarat;829
KALTENG;PAPUA;MalukuUtara;Papua;931
KALSEL;ACEH;NusaTenggaraBarat;Aceh;89
KALSEL;SUMUT;NusaTenggaraBarat;SumateraUtara;1244
KALSEL;SUMBAR;NusaTenggaraBarat;SumateraBarat;771
KALSEL;RIAU;NusaTenggaraBarat;Riau; NA
KALSEL;JAMBI;NusaTenggaraBarat;Jambi; NA
KALSEL;SUMSEL;NusaTenggaraBarat;SumateraSelatan;721
KALSEL;BENGKULU;NusaTenggaraBarat;Bengkulu; NA
KALSEL;LAMPUNG;NusaTenggaraBarat;Lampung;711
KALSEL;BABEL;NusaTenggaraBarat;Kep.BangkaBelitung;12267
KALSEL;KEPRI;NusaTenggaraBarat;KepulauanRiau;2700
KALSEL;JAKARTA;NusaTenggaraBarat;DKIJakarta;3938
KALSEL;JABAR;NusaTenggaraBarat;JawaBarat;NA
KALSEL;JATENG;NusaTenggaraBarat;JawaTengah;6313
KALSEL;YOGYA;NusaTenggaraBarat;DIYogyakarta;1260
KALSEL;JATIM;NusaTenggaraBarat;JawaTimur;15695
KALSEL;BANTEN;NusaTenggaraBarat;Banten;938
KALSEL;BALI;NusaTenggaraBarat;Bali;10502
KALSEL;NTB;NusaTenggaraBarat;NusaTenggaraBarat;2424713
KALSEL;NTT;NusaTenggaraBarat;NusaTenggaraTimur;4345
KALSEL;KALBAR;NusaTenggaraBarat;KalimantanBarat;874
KALSEL;KALTENG;NusaTenggaraBarat;KalimantanTengah;48
KALSEL;KALSEL;NusaTenggaraBarat;KalimantanSelatan;537
KALSEL;KALTIM;NusaTenggaraBarat;KalimantanTimur;1679
KALSEL;KALUT;NusaTenggaraBarat;KalimantanUtara;191
KALSEL;SULUT;NusaTenggaraBarat;SulawesiUtara;298
KALSEL;SULTENG;NusaTenggaraBarat;SulawesiTengah;792
KALSEL;SULSEL;NusaTenggaraBarat;SulawesiSelatan;5022
KALSEL;SULTENGG;NusaTenggaraBarat;SulawesiTenggara;769
KALSEL;GORONTALO;NusaTenggaraBarat;Gorontalo;16
KALSEL;SULBARAT;NusaTenggaraBarat;SulawesiBarat;102
KALSEL;MALUKU;NusaTenggaraBarat;Maluku;448
KALSEL;MALUT;NusaTenggaraBarat;MalukuUtara; NA
KALSEL;PAPBAR;NusaTenggaraBarat;PapuaBarat;191
KALSEL;PAPUA;NusaTenggaraBarat;Papua;454
KALTIM;ACEH;NusaTenggaraTimur;Aceh;82
KALTIM;SUMUT;NusaTenggaraTimur;SumateraUtara;2027
KALTIM;SUMBAR;NusaTenggaraTimur;SumateraBarat;885
KALTIM;RIAU;NusaTenggaraTimur;Riau;311
KALTIM;JAMBI;NusaTenggaraTimur;Jambi;180
KALTIM;SUMSEL;NusaTenggaraTimur;SumateraSelatan;130
KALTIM;BENGKULU;NusaTenggaraTimur;Bengkulu; NA
KALTIM;LAMPUNG;NusaTenggaraTimur;Lampung;103
KALTIM;BABEL;NusaTenggaraTimur;Kep.BangkaBelitung;44
KALTIM;KEPRI;NusaTenggaraTimur;KepulauanRiau;1420
KALTIM;JAKARTA;NusaTenggaraTimur;DKIJakarta;1694
KALTIM;JABAR;NusaTenggaraTimur;JawaBarat;1874
KALTIM;JATENG;NusaTenggaraTimur;JawaTengah;7027
KALTIM;YOGYA;NusaTenggaraTimur;DIYogyakarta;1116
KALTIM;JATIM;NusaTenggaraTimur;JawaTimur;13053
KALTIM;BANTEN;NusaTenggaraTimur;Banten;248
KALTIM;BALI;NusaTenggaraTimur;Bali;3856
KALTIM;NTB;NusaTenggaraTimur;NusaTenggaraBarat;4662
KALTIM;NTT;NusaTenggaraTimur;NusaTenggaraTimur;2487202
KALTIM;KALBAR;NusaTenggaraTimur;KalimantanBarat;589
KALTIM;KALTENG;NusaTenggaraTimur;KalimantanTengah;646
KALTIM;KALSEL;NusaTenggaraTimur;KalimantanSelatan;133
KALTIM;KALTIM;NusaTenggaraTimur;KalimantanTimur;1057
KALTIM;KALUT;NusaTenggaraTimur;KalimantanUtara;197
KALTIM;SULUT;NusaTenggaraTimur;SulawesiUtara;169
KALTIM;SULTENG;NusaTenggaraTimur;SulawesiTengah;557
KALTIM;SULSEL;NusaTenggaraTimur;SulawesiSelatan;9690
KALTIM;SULTENGG;NusaTenggaraTimur;SulawesiTenggara;1173
KALTIM;GORONTALO;NusaTenggaraTimur;Gorontalo;80
KALTIM;SULBARAT;NusaTenggaraTimur;SulawesiBarat;38
KALTIM;MALUKU;NusaTenggaraTimur;Maluku;2405
KALTIM;MALUT;NusaTenggaraTimur;MalukuUtara;223
KALTIM;PAPBAR;NusaTenggaraTimur;PapuaBarat;900
KALTIM;PAPUA;NusaTenggaraTimur;Papua;300
KALUT;ACEH;Papua;Aceh;247
KALUT;SUMUT;Papua;SumateraUtara;6198
KALUT;SUMBAR;Papua;SumateraBarat;1048
KALUT;RIAU;Papua;Riau;323
KALUT;JAMBI;Papua;Jambi;151
KALUT;SUMSEL;Papua;SumateraSelatan;489
KALUT;BENGKULU;Papua;Bengkulu;15
KALUT;LAMPUNG;Papua;Lampung;2606
KALUT;BABEL;Papua;Kep.BangkaBelitung;16
KALUT;KEPRI;Papua;KepulauanRiau;93
KALUT;JAKARTA;Papua;DKIJakarta;2229
KALUT;JABAR;Papua;JawaBarat;6829
KALUT;JATENG;Papua;JawaTengah;31721
KALUT;YOGYA;Papua;DIYogyakarta;1502
KALUT;JATIM;Papua;JawaTimur;40720
KALUT;BANTEN;Papua;Banten;615
KALUT;BALI;Papua;Bali;478
KALUT;NTB;Papua;NusaTenggaraBarat;2720
KALUT;NTT;Papua;NusaTenggaraTimur;5743
KALUT;KALBAR;Papua;KalimantanBarat;246
KALUT;KALTENG;Papua;KalimantanTengah;96
KALUT;KALSEL;Papua;KalimantanSelatan;301
KALUT;KALTIM;Papua;KalimantanTimur;687
KALUT;KALUT;Papua;KalimantanUtara;565
KALUT;SULUT;Papua;SulawesiUtara;7669
KALUT;SULTENG;Papua;SulawesiTengah;1192
KALUT;SULSEL;Papua;SulawesiSelatan;61426
KALUT;SULTENGG;Papua;SulawesiTenggara;7742
KALUT;GORONTALO;Papua;Gorontalo;605
KALUT;SULBARAT;Papua;SulawesiBarat;911
KALUT;MALUKU;Papua;Maluku;18961
KALUT;MALUT;Papua;MalukuUtara;2566
KALUT;PAPBAR;Papua;PapuaBarat;12504
KALUT;PAPUA;Papua;Papua;1265400
SULUT;ACEH;PapuaBarat;Aceh;30
SULUT;SUMUT;PapuaBarat;SumateraUtara;2089
SULUT;SUMBAR;PapuaBarat;SumateraBarat;160
SULUT;RIAU;PapuaBarat;Riau;209
SULUT;JAMBI;PapuaBarat;Jambi; NA
SULUT;SUMSEL;PapuaBarat;SumateraSelatan;175
SULUT;BENGKULU;PapuaBarat;Bengkulu;74
SULUT;LAMPUNG;PapuaBarat;Lampung;841
SULUT;BABEL;PapuaBarat;Kep.BangkaBelitung;91
SULUT;KEPRI;PapuaBarat;KepulauanRiau; NA
SULUT;JAKARTA;PapuaBarat;DKIJakarta;1091
SULUT;JABAR;PapuaBarat;JawaBarat;3736
SULUT;JATENG;PapuaBarat;JawaTengah;14928
SULUT;YOGYA;PapuaBarat;DIYogyakarta;954
SULUT;JATIM;PapuaBarat;JawaTimur;19010
SULUT;BANTEN;PapuaBarat;Banten;424
SULUT;BALI;PapuaBarat;Bali;103
SULUT;NTB;PapuaBarat;NusaTenggaraBarat;686
SULUT;NTT;PapuaBarat;NusaTenggaraTimur;2447
SULUT;KALBAR;PapuaBarat;KalimantanBarat;146
SULUT;KALTENG;PapuaBarat;KalimantanTengah;176
SULUT;KALSEL;PapuaBarat;KalimantanSelatan;211
SULUT;KALTIM;PapuaBarat;KalimantanTimur;344
SULUT;KALUT;PapuaBarat;KalimantanUtara;199
SULUT;SULUT;PapuaBarat;SulawesiUtara;6153
SULUT;SULTENG;PapuaBarat;SulawesiTengah;131
SULUT;SULSEL;PapuaBarat;SulawesiSelatan;18001
SULUT;SULTENGG;PapuaBarat;SulawesiTenggara;8735
SULUT;GORONTALO;PapuaBarat;Gorontalo;266
SULUT;SULBARAT;PapuaBarat;SulawesiBarat;1132
SULUT;MALUKU;PapuaBarat;Maluku;23478
SULUT;MALUT;PapuaBarat;MalukuUtara;2769
SULUT;PAPBAR;PapuaBarat;PapuaBarat;287246
SULUT;PAPUA;PapuaBarat;Papua;15409
SULTENG;ACEH;Riau;Aceh;16044
SULTENG;SUMUT;Riau;SumateraUtara;424496
SULTENG;SUMBAR;Riau;SumateraBarat;165735
SULTENG;RIAU;Riau;Riau;2184415
SULTENG;JAMBI;Riau;Jambi;12423
SULTENG;SUMSEL;Riau;SumateraSelatan;15585
SULTENG;BENGKULU;Riau;Bengkulu;2079
SULTENG;LAMPUNG;Riau;Lampung;16873
SULTENG;BABEL;Riau;Kep.BangkaBelitung;878
SULTENG;KEPRI;Riau;KepulauanRiau;10572
SULTENG;JAKARTA;Riau;DKIJakarta;6853
SULTENG;JABAR;Riau;JawaBarat;34085
SULTENG;JATENG;Riau;JawaTengah;92104
SULTENG;YOGYA;Riau;DIYogyakarta;14467
SULTENG;JATIM;Riau;JawaTimur;69014
SULTENG;BANTEN;Riau;Banten;2419
SULTENG;BALI;Riau;Bali;327
SULTENG;NTB;Riau;NusaTenggaraBarat;878
SULTENG;NTT;Riau;NusaTenggaraTimur;723
SULTENG;KALBAR;Riau;KalimantanBarat;625
SULTENG;KALTENG;Riau;KalimantanTengah;105
SULTENG;KALSEL;Riau;KalimantanSelatan;279
SULTENG;KALTIM;Riau;KalimantanTimur;359
SULTENG;KALUT;Riau;KalimantanUtara; NA
SULTENG;SULUT;Riau;SulawesiUtara;252
SULTENG;SULTENG;Riau;SulawesiTengah;701
SULTENG;SULSEL;Riau;SulawesiSelatan;6891
SULTENG;SULTENGG;Riau;SulawesiTenggara;172
SULTENG;GORONTALO;Riau;Gorontalo; NA
SULTENG;SULBARAT;Riau;SulawesiBarat; NA
SULTENG;MALUKU;Riau;Maluku; NA
SULTENG;MALUT;Riau;MalukuUtara; NA
SULTENG;PAPBAR;Riau;PapuaBarat; NA
SULTENG;PAPUA;Riau;Papua;214
SULSEL;ACEH;SulawesiBarat;Aceh; NA
SULSEL;SUMUT;SulawesiBarat;SumateraUtara; NA
SULSEL;SUMBAR;SulawesiBarat;SumateraBarat;59
SULSEL;RIAU;SulawesiBarat;Riau;77
SULSEL;JAMBI;SulawesiBarat;Jambi;633
SULSEL;SUMSEL;SulawesiBarat;SumateraSelatan;185
SULSEL;BENGKULU;SulawesiBarat;Bengkulu;51
SULSEL;LAMPUNG;SulawesiBarat;Lampung;68
SULSEL;BABEL;SulawesiBarat;Kep.BangkaBelitung; NA
SULSEL;KEPRI;SulawesiBarat;KepulauanRiau; NA
SULSEL;JAKARTA;SulawesiBarat;DKIJakarta;587
SULSEL;JABAR;SulawesiBarat;JawaBarat;1269
SULSEL;JATENG;SulawesiBarat;JawaTengah;4312
SULSEL;YOGYA;SulawesiBarat;DIYogyakarta;353
SULSEL;JATIM;SulawesiBarat;JawaTimur;3413
SULSEL;BANTEN;SulawesiBarat;Banten;117
SULSEL;BALI;SulawesiBarat;Bali;4842
SULSEL;NTB;SulawesiBarat;NusaTenggaraBarat;1160
SULSEL;NTT;SulawesiBarat;NusaTenggaraTimur;2238
SULSEL;KALBAR;SulawesiBarat;KalimantanBarat;33
SULSEL;KALTENG;SulawesiBarat;KalimantanTengah; NA
SULSEL;KALSEL;SulawesiBarat;KalimantanSelatan;635
SULSEL;KALTIM;SulawesiBarat;KalimantanTimur;1599
SULSEL;KALUT;SulawesiBarat;KalimantanUtara;203
SULSEL;SULUT;SulawesiBarat;SulawesiUtara;386
SULSEL;SULTENG;SulawesiBarat;SulawesiTengah;5374
SULSEL;SULSEL;SulawesiBarat;SulawesiSelatan;54783
SULSEL;SULTENGG;SulawesiBarat;SulawesiTenggara;1037
SULSEL;GORONTALO;SulawesiBarat;Gorontalo;189
SULSEL;SULBARAT;SulawesiBarat;SulawesiBarat;552362
SULSEL;MALUKU;SulawesiBarat;Maluku;178
SULSEL;MALUT;SulawesiBarat;MalukuUtara;22
SULSEL;PAPBAR;SulawesiBarat;PapuaBarat;57
SULSEL;PAPUA;SulawesiBarat;Papua;101
SULTENGG;ACEH;SulawesiSelatan;Aceh;379
SULTENGG;SUMUT;SulawesiSelatan;SumateraUtara;1353
SULTENGG;SUMBAR;SulawesiSelatan;SumateraBarat;396
SULTENGG;RIAU;SulawesiSelatan;Riau;1341
SULTENGG;JAMBI;SulawesiSelatan;Jambi;2368
SULTENGG;SUMSEL;SulawesiSelatan;SumateraSelatan;1701
SULTENGG;BENGKULU;SulawesiSelatan;Bengkulu; NA
SULTENGG;LAMPUNG;SulawesiSelatan;Lampung;2310
SULTENGG;BABEL;SulawesiSelatan;Kep.BangkaBelitung;463
SULTENGG;KEPRI;SulawesiSelatan;KepulauanRiau;227
SULTENGG;JAKARTA;SulawesiSelatan;DKIJakarta;6798
SULTENGG;JABAR;SulawesiSelatan;JawaBarat;7283
SULTENGG;JATENG;SulawesiSelatan;JawaTengah;13583
SULTENGG;YOGYA;SulawesiSelatan;DIYogyakarta;3279
SULTENGG;JATIM;SulawesiSelatan;JawaTimur;20332
SULTENGG;BANTEN;SulawesiSelatan;Banten;241
SULTENGG;BALI;SulawesiSelatan;Bali;4353
SULTENGG;NTB;SulawesiSelatan;NusaTenggaraBarat;4829
SULTENGG;NTT;SulawesiSelatan;NusaTenggaraTimur;6870
SULTENGG;KALBAR;SulawesiSelatan;KalimantanBarat;1138
SULTENGG;KALTENG;SulawesiSelatan;KalimantanTengah;507
SULTENGG;KALSEL;SulawesiSelatan;KalimantanSelatan;1355
SULTENGG;KALTIM;SulawesiSelatan;KalimantanTimur;6349
SULTENGG;KALUT;SulawesiSelatan;KalimantanUtara;2592
SULTENGG;SULUT;SulawesiSelatan;SulawesiUtara;2891
SULTENGG;SULTENG;SulawesiSelatan;SulawesiTengah;9556
SULTENGG;SULSEL;SulawesiSelatan;SulawesiSelatan;4193136
SULTENGG;SULTENGG;SulawesiSelatan;SulawesiTenggara;18440
SULTENGG;GORONTALO;SulawesiSelatan;Gorontalo;1408
SULTENGG;SULBARAT;SulawesiSelatan;SulawesiBarat;18490
SULTENGG;MALUKU;SulawesiSelatan;Maluku;4703
SULTENGG;MALUT;SulawesiSelatan;MalukuUtara;1750
SULTENGG;PAPBAR;SulawesiSelatan;PapuaBarat;2171
SULTENGG;PAPUA;SulawesiSelatan;Papua;5045
GORONTALO;ACEH;SulawesiTengah;Aceh;82
GORONTALO;SUMUT;SulawesiTengah;SumateraUtara;1081
GORONTALO;SUMBAR;SulawesiTengah;SumateraBarat;984
GORONTALO;RIAU;SulawesiTengah;Riau;181
GORONTALO;JAMBI;SulawesiTengah;Jambi;321
GORONTALO;SUMSEL;SulawesiTengah;SumateraSelatan;598
GORONTALO;BENGKULU;SulawesiTengah;Bengkulu; NA
GORONTALO;LAMPUNG;SulawesiTengah;Lampung;587
GORONTALO;BABEL;SulawesiTengah;Kep.BangkaBelitung;181
GORONTALO;KEPRI;SulawesiTengah;KepulauanRiau;23
GORONTALO;JAKARTA;SulawesiTengah;DKIJakarta;1774
GORONTALO;JABAR;SulawesiTengah;JawaBarat;5044
GORONTALO;JATENG;SulawesiTengah;JawaTengah;12687
GORONTALO;YOGYA;SulawesiTengah;DIYogyakarta;947
GORONTALO;JATIM;SulawesiTengah;JawaTimur;25900
GORONTALO;BANTEN;SulawesiTengah;Banten;212
GORONTALO;BALI;SulawesiTengah;Bali;30568
GORONTALO;NTB;SulawesiTengah;NusaTenggaraBarat;5830
GORONTALO;NTT;SulawesiTengah;NusaTenggaraTimur;1508
GORONTALO;KALBAR;SulawesiTengah;KalimantanBarat;131
GORONTALO;KALTENG;SulawesiTengah;KalimantanTengah;222
GORONTALO;KALSEL;SulawesiTengah;KalimantanSelatan;200
GORONTALO;KALTIM;SulawesiTengah;KalimantanTimur;1689
GORONTALO;KALUT;SulawesiTengah;KalimantanUtara;759
GORONTALO;SULUT;SulawesiTengah;SulawesiUtara;14386
GORONTALO;SULTENG;SulawesiTengah;SulawesiTengah;1184216
GORONTALO;SULSEL;SulawesiTengah;SulawesiSelatan;82957
GORONTALO;SULTENGG;SulawesiTengah;SulawesiTenggara;6254
GORONTALO;GORONTALO;SulawesiTengah;Gorontalo;14016
GORONTALO;SULBARAT;SulawesiTengah;SulawesiBarat;8753
GORONTALO;MALUKU;SulawesiTengah;Maluku;990
GORONTALO;MALUT;SulawesiTengah;MalukuUtara;740
GORONTALO;PAPBAR;SulawesiTengah;PapuaBarat;259
GORONTALO;PAPUA;SulawesiTengah;Papua;395
SULBARAT;ACEH;SulawesiTenggara;Aceh;157
SULBARAT;SUMUT;SulawesiTenggara;SumateraUtara;535
SULBARAT;SUMBAR;SulawesiTenggara;SumateraBarat;102
SULBARAT;RIAU;SulawesiTenggara;Riau;283
SULBARAT;JAMBI;SulawesiTenggara;Jambi;467
SULBARAT;SUMSEL;SulawesiTenggara;SumateraSelatan;232
SULBARAT;BENGKULU;SulawesiTenggara;Bengkulu; NA
SULBARAT;LAMPUNG;SulawesiTenggara;Lampung;437
SULBARAT;BABEL;SulawesiTenggara;Kep.BangkaBelitung;206
SULBARAT;KEPRI;SulawesiTenggara;KepulauanRiau;972
SULBARAT;JAKARTA;SulawesiTenggara;DKIJakarta;786
SULBARAT;JABAR;SulawesiTenggara;JawaBarat;12500
SULBARAT;JATENG;SulawesiTenggara;JawaTengah;10431
SULBARAT;YOGYA;SulawesiTenggara;DIYogyakarta;1680
SULBARAT;JATIM;SulawesiTenggara;JawaTimur;15047
SULBARAT;BANTEN;SulawesiTenggara;Banten;241
SULBARAT;BALI;SulawesiTenggara;Bali;11626
SULBARAT;NTB;SulawesiTenggara;NusaTenggaraBarat;1798
SULBARAT;NTT;SulawesiTenggara;NusaTenggaraTimur;899
SULBARAT;KALBAR;SulawesiTenggara;KalimantanBarat;10
SULBARAT;KALTENG;SulawesiTenggara;KalimantanTengah;104
SULBARAT;KALSEL;SulawesiTenggara;KalimantanSelatan;122
SULBARAT;KALTIM;SulawesiTenggara;KalimantanTimur;2036
SULBARAT;KALUT;SulawesiTenggara;KalimantanUtara;277
SULBARAT;SULUT;SulawesiTenggara;SulawesiUtara;1159
SULBARAT;SULTENG;SulawesiTenggara;SulawesiTengah;5663
SULBARAT;SULSEL;SulawesiTenggara;SulawesiSelatan;117013
SULBARAT;SULTENGG;SulawesiTenggara;SulawesiTenggara;1030311
SULBARAT;GORONTALO;SulawesiTenggara;Gorontalo;433
SULBARAT;SULBARAT;SulawesiTenggara;SulawesiBarat;6072
SULBARAT;MALUKU;SulawesiTenggara;Maluku;14195
SULBARAT;MALUT;SulawesiTenggara;MalukuUtara;2221
SULBARAT;PAPBAR;SulawesiTenggara;PapuaBarat;892
SULBARAT;PAPUA;SulawesiTenggara;Papua;1749
MALUKU;ACEH;SulawesiUtara;Aceh;345
MALUKU;SUMUT;SulawesiUtara;SumateraUtara;1054
MALUKU;SUMBAR;SulawesiUtara;SumateraBarat;140
MALUKU;RIAU;SulawesiUtara;Riau;804
MALUKU;JAMBI;SulawesiUtara;Jambi; NA
MALUKU;SUMSEL;SulawesiUtara;SumateraSelatan;672
MALUKU;BENGKULU;SulawesiUtara;Bengkulu;9
MALUKU;LAMPUNG;SulawesiUtara;Lampung;400
MALUKU;BABEL;SulawesiUtara;Kep.BangkaBelitung;53
MALUKU;KEPRI;SulawesiUtara;KepulauanRiau;490
MALUKU;JAKARTA;SulawesiUtara;DKIJakarta;4425
MALUKU;JABAR;SulawesiUtara;JawaBarat;2915
MALUKU;JATENG;SulawesiUtara;JawaTengah;4139
MALUKU;YOGYA;SulawesiUtara;DIYogyakarta;341
MALUKU;JATIM;SulawesiUtara;JawaTimur;11011
MALUKU;BANTEN;SulawesiUtara;Banten;580
MALUKU;BALI;SulawesiUtara;Bali;1352
MALUKU;NTB;SulawesiUtara;NusaTenggaraBarat;92
MALUKU;NTT;SulawesiUtara;NusaTenggaraTimur;623
MALUKU;KALBAR;SulawesiUtara;KalimantanBarat;219
MALUKU;KALTENG;SulawesiUtara;KalimantanTengah;114
MALUKU;KALSEL;SulawesiUtara;KalimantanSelatan;847
MALUKU;KALTIM;SulawesiUtara;KalimantanTimur;1538
MALUKU;KALUT;SulawesiUtara;KalimantanUtara;94
MALUKU;SULUT;SulawesiUtara;SulawesiUtara;1091398
MALUKU;SULTENG;SulawesiUtara;SulawesiTengah;10403
MALUKU;SULSEL;SulawesiUtara;SulawesiSelatan;6788
MALUKU;SULTENGG;SulawesiUtara;SulawesiTenggara;1014
MALUKU;GORONTALO;SulawesiUtara;Gorontalo;23113
MALUKU;SULBARAT;SulawesiUtara;SulawesiBarat;290
MALUKU;MALUKU;SulawesiUtara;Maluku;3253
MALUKU;MALUT;SulawesiUtara;MalukuUtara;7380
MALUKU;PAPBAR;SulawesiUtara;PapuaBarat;1904
MALUKU;PAPUA;SulawesiUtara;Papua;1867
MALUT;ACEH;SumateraBarat;Aceh;2586
MALUT;SUMUT;SumateraBarat;SumateraUtara;38973
MALUT;SUMBAR;SumateraBarat;SumateraBarat;2440464
MALUT;RIAU;SumateraBarat;Riau;22746
MALUT;JAMBI;SumateraBarat;Jambi;12816
MALUT;SUMSEL;SumateraBarat;SumateraSelatan;7367
MALUT;BENGKULU;SumateraBarat;Bengkulu;5180
MALUT;LAMPUNG;SumateraBarat;Lampung;6453
MALUT;BABEL;SumateraBarat;Kep.BangkaBelitung;758
MALUT;KEPRI;SumateraBarat;KepulauanRiau;4809
MALUT;JAKARTA;SumateraBarat;DKIJakarta;14802
MALUT;JABAR;SumateraBarat;JawaBarat;13716
MALUT;JATENG;SumateraBarat;JawaTengah;21956
MALUT;YOGYA;SumateraBarat;DIYogyakarta;2714
MALUT;JATIM;SumateraBarat;JawaTimur;10185
MALUT;BANTEN;SumateraBarat;Banten;2799
MALUT;BALI;SumateraBarat;Bali;274
MALUT;NTB;SumateraBarat;NusaTenggaraBarat;385
MALUT;NTT;SumateraBarat;NusaTenggaraTimur; NA
MALUT;KALBAR;SumateraBarat;KalimantanBarat;311
MALUT;KALTENG;SumateraBarat;KalimantanTengah; NA
MALUT;KALSEL;SumateraBarat;KalimantanSelatan;369
MALUT;KALTIM;SumateraBarat;KalimantanTimur;414
MALUT;KALUT;SumateraBarat;KalimantanUtara; NA
MALUT;SULUT;SumateraBarat;SulawesiUtara;70
MALUT;SULTENG;SumateraBarat;SulawesiTengah;113
MALUT;SULSEL;SumateraBarat;SulawesiSelatan;250
MALUT;SULTENGG;SumateraBarat;SulawesiTenggara; NA
MALUT;GORONTALO;SumateraBarat;Gorontalo;10
MALUT;SULBARAT;SumateraBarat;SulawesiBarat; NA
MALUT;MALUKU;SumateraBarat;Maluku;22
MALUT;MALUT;SumateraBarat;MalukuUtara;23
MALUT;PAPBAR;SumateraBarat;PapuaBarat; NA
MALUT;PAPUA;SumateraBarat;Papua;48
PAPBAR;ACEH;SumateraSelatan;Aceh;3153
PAPBAR;SUMUT;SumateraSelatan;SumateraUtara;12548
PAPBAR;SUMBAR;SumateraSelatan;SumateraBarat;14231
PAPBAR;RIAU;SumateraSelatan;Riau;2385
PAPBAR;JAMBI;SumateraSelatan;Jambi;11853
PAPBAR;SUMSEL;SumateraSelatan;SumateraSelatan;3499527
PAPBAR;BENGKULU;SumateraSelatan;Bengkulu;12237
PAPBAR;LAMPUNG;SumateraSelatan;Lampung;70101
PAPBAR;BABEL;SumateraSelatan;Kep.BangkaBelitung;3189
PAPBAR;KEPRI;SumateraSelatan;KepulauanRiau;796
PAPBAR;JAKARTA;SumateraSelatan;DKIJakarta;8570
PAPBAR;JABAR;SumateraSelatan;JawaBarat;37731
PAPBAR;JATENG;SumateraSelatan;JawaTengah;132579
PAPBAR;YOGYA;SumateraSelatan;DIYogyakarta;24533
PAPBAR;JATIM;SumateraSelatan;JawaTimur;96083
PAPBAR;BANTEN;SumateraSelatan;Banten;13768
PAPBAR;BALI;SumateraSelatan;Bali;6042
PAPBAR;NTB;SumateraSelatan;NusaTenggaraBarat;91
PAPBAR;NTT;SumateraSelatan;NusaTenggaraTimur;666
PAPBAR;KALBAR;SumateraSelatan;KalimantanBarat;500
PAPBAR;KALTENG;SumateraSelatan;KalimantanTengah;182
PAPBAR;KALSEL;SumateraSelatan;KalimantanSelatan;293
PAPBAR;KALTIM;SumateraSelatan;KalimantanTimur;416
PAPBAR;KALUT;SumateraSelatan;KalimantanUtara; NA
PAPBAR;SULUT;SumateraSelatan;SulawesiUtara;157
PAPBAR;SULTENG;SumateraSelatan;SulawesiTengah;21
PAPBAR;SULSEL;SumateraSelatan;SulawesiSelatan;3826
PAPBAR;SULTENGG;SumateraSelatan;SulawesiTenggara;23
PAPBAR;GORONTALO;SumateraSelatan;Gorontalo; NA
PAPBAR;SULBARAT;SumateraSelatan;SulawesiBarat;120
PAPBAR;MALUKU;SumateraSelatan;Maluku;100
PAPBAR;MALUT;SumateraSelatan;MalukuUtara; NA
PAPBAR;PAPBAR;SumateraSelatan;PapuaBarat; NA
PAPBAR;PAPUA;SumateraSelatan;Papua; NA
PAPUA;ACEH;SumateraUtara;Aceh;54404
PAPUA;SUMUT;SumateraUtara;SumateraUtara;6716241
PAPUA;SUMBAR;SumateraUtara;SumateraBarat;42757
PAPUA;RIAU;SumateraUtara;Riau;25973
PAPUA;JAMBI;SumateraUtara;Jambi;4253
PAPUA;SUMSEL;SumateraUtara;SumateraSelatan;3577
PAPUA;BENGKULU;SumateraUtara;Bengkulu;2351
PAPUA;LAMPUNG;SumateraUtara;Lampung;4392
PAPUA;BABEL;SumateraUtara;Kep.BangkaBelitung;459
PAPUA;KEPRI;SumateraUtara;KepulauanRiau;5682
PAPUA;JAKARTA;SumateraUtara;DKIJakarta;16113
PAPUA;JABAR;SumateraUtara;JawaBarat;15671
PAPUA;JATENG;SumateraUtara;JawaTengah;50438
PAPUA;YOGYA;SumateraUtara;DIYogyakarta;3858
PAPUA;JATIM;SumateraUtara;JawaTimur;17138
PAPUA;BANTEN;SumateraUtara;Banten;3194
PAPUA;BALI;SumateraUtara;Bali;389
PAPUA;NTB;SumateraUtara;NusaTenggaraBarat;282
PAPUA;NTT;SumateraUtara;NusaTenggaraTimur;400
PAPUA;KALBAR;SumateraUtara;KalimantanBarat;1333
PAPUA;KALTENG;SumateraUtara;KalimantanTengah;36
PAPUA;KALSEL;SumateraUtara;KalimantanSelatan;191
PAPUA;KALTIM;SumateraUtara;KalimantanTimur;415
PAPUA;KALUT;SumateraUtara;KalimantanUtara;11
PAPUA;SULUT;SumateraUtara;SulawesiUtara;811
PAPUA;SULTENG;SumateraUtara;SulawesiTengah; NA
PAPUA;SULSEL;SumateraUtara;SulawesiSelatan;2023
PAPUA;SULTENGG;SumateraUtara;SulawesiTenggara;75
PAPUA;GORONTALO;SumateraUtara;Gorontalo;64
PAPUA;SULBARAT;SumateraUtara;SulawesiBarat; NA
PAPUA;MALUKU;SumateraUtara;Maluku;900
PAPUA;MALUT;SumateraUtara;MalukuUtara;273
PAPUA;PAPBAR;SumateraUtara;PapuaBarat; NA
PAPUA;PAPUA;SumateraUtara;Papua;355
